RegionID,SizeRank,RegionName,RegionType,StateName,BaseDate,2022-05-31,2022-07-31,2023-04-30
102001,0,United States,Country,,2022-04-30,1.6,5.2,11.6
394913,1,"New York, NY",Msa,NY,2022-04-30,1.3,3.7,7.5
753899,2,"Los Angeles-Long Beach-Anaheim, CA",Msa,CA,2022-04-30,2.1,5.6,12.0
394463,3,"Chicago, IL",Msa,IL,2022-04-30,1.2,3.9,7.7
394514,4,"Dallas-Fort Worth, TX",Msa,TX,2022-04-30,3.0,11.4,24.7
394974,5,"Philadelphia, PA",Msa,PA,2022-04-30,1.2,4.0,8.7
394692,6,"Houston, TX",Msa,TX,2022-04-30,2.0,5.7,12.0
395209,7,"Washington, DC",Msa,DC,2022-04-30,1.0,3.5,7.1
394856,8,"Miami-Fort Lauderdale, FL",Msa,FL,2022-04-30,2.8,7.8,16.8
394347,9,"Atlanta, GA",Msa,GA,2022-04-30,2.2,6.9,17.0
394404,10,"Boston, MA",Msa,MA,2022-04-30,1.4,4.3,9.4
395057,11,"San Francisco, CA",Msa,CA,2022-04-30,1.3,4.1,9.5
394532,12,"Detroit, MI",Msa,MI,2022-04-30,1.4,4.2,10.3
395025,13,"Riverside, CA",Msa,CA,2022-04-30,1.6,5.2,13.0
394976,14,"Phoenix, AZ",Msa,AZ,2022-04-30,2.2,7.0,17.4
395078,15,"Seattle, WA",Msa,WA,2022-04-30,2.4,5.9,14.0
394865,16,"Minneapolis-St Paul, MN",Msa,MN,2022-04-30,1.1,3.7,8.7
395056,17,"San Diego, CA",Msa,CA,2022-04-30,2.2,6.6,15.7
395121,18,"St. Louis, MO",Msa,MO,2022-04-30,1.1,3.5,8.1
395148,19,"Tampa, FL",Msa,FL,2022-04-30,3.3,9.3,20.7
394358,20,"Baltimore, MD",Msa,MD,2022-04-30,1.0,3.6,6.7
394530,21,"Denver, CO",Msa,CO,2022-04-30,1.8,5.3,12.1
394982,22,"Pittsburgh, PA",Msa,PA,2022-04-30,0.7,3.5,8.3
394998,23,"Portland, OR",Msa,OR,2022-04-30,1.7,4.9,10.5
394458,24,"Charlotte, NC",Msa,NC,2022-04-30,2.5,7.5,17.5
395045,25,"Sacramento, CA",Msa,CA,2022-04-30,1.5,5.0,11.8
395055,26,"San Antonio, TX",Msa,TX,2022-04-30,2.2,6.3,13.5
394943,27,"Orlando, FL",Msa,FL,2022-04-30,2.9,8.1,17.5
394466,28,"Cincinnati, OH",Msa,OH,2022-04-30,1.5,4.6,10.6
394475,29,"Cleveland, OH",Msa,OH,2022-04-30,1.5,4.8,10.6
394735,30,"Kansas City, MO",Msa,MO,2022-04-30,1.1,4.0,10.0
394775,31,"Las Vegas, NV",Msa,NV,2022-04-30,1.9,5.9,16.0
394492,32,"Columbus, OH",Msa,OH,2022-04-30,1.4,4.7,11.4
394705,33,"Indianapolis, IN",Msa,IN,2022-04-30,1.3,4.6,11.8
395059,34,"San Jose, CA",Msa,CA,2022-04-30,1.4,4.3,10.0
394355,35,"Austin, TX",Msa,TX,2022-04-30,1.6,5.7,15.0
395194,36,"Virginia Beach, VA",Msa,VA,2022-04-30,1.2,3.8,7.8
394902,37,"Nashville, TN",Msa,TN,2022-04-30,2.3,8.4,19.4
395005,38,"Providence, RI",Msa,RI,2022-04-30,1.2,4.2,10.7
394862,39,"Milwaukee, WI",Msa,WI,2022-04-30,1.4,3.9,9.1
394714,40,"Jacksonville, FL",Msa,FL,2022-04-30,2.5,7.3,16.8
394849,41,"Memphis, TN",Msa,TN,2022-04-30,1.3,4.4,11.9
394935,42,"Oklahoma City, OK",Msa,OK,2022-04-30,1.5,4.4,9.0
394807,43,"Louisville-Jefferson County, KY",Msa,KY,2022-04-30,1.3,4.1,9.4
394669,44,"Hartford, CT",Msa,CT,2022-04-30,1.8,5.2,9.3
395022,45,"Richmond, VA",Msa,VA,2022-04-30,1.0,3.8,8.4
394910,46,"New Orleans, LA",Msa,LA,2022-04-30,1.1,3.8,7.5
394425,47,"Buffalo, NY",Msa,NY,2022-04-30,1.9,5.3,11.4
395012,48,"Raleigh, NC",Msa,NC,2022-04-30,2.7,8.0,18.0
394388,49,"Birmingham, AL",Msa,AL,2022-04-30,1.4,4.6,10.7
395053,50,"Salt Lake City, UT",Msa,UT,2022-04-30,1.6,6.0,15.8
395031,51,"Rochester, NY",Msa,NY,2022-04-30,1.4,4.3,9.6
394640,52,"Grand Rapids, MI",Msa,MI,2022-04-30,1.5,4.8,11.7
395167,53,"Tucson, AZ",Msa,AZ,2022-04-30,1.9,6.3,15.2
753924,54,"Urban Honolulu, HI",Msa,HI,2022-04-30,0.9,3.7,7.3
395169,55,"Tulsa, OK",Msa,OK,2022-04-30,1.5,4.8,10.0
394619,56,"Fresno, CA",Msa,CA,2022-04-30,1.6,5.8,13.2
395238,57,"Worcester, MA",Msa,MA,2022-04-30,1.3,4.6,11.1
394415,58,"Stamford, CT",Msa,CT,2022-04-30,1.3,4.7,9.8
394312,59,"Albuquerque, NM",Msa,NM,2022-04-30,1.5,4.9,12.0
394308,60,"Albany, NY",Msa,NY,2022-04-30,1.5,4.2,8.6
394938,61,"Omaha, NE",Msa,NE,2022-04-30,1.2,4.3,9.7
394908,62,"New Haven, CT",Msa,CT,2022-04-30,1.1,4.4,10.8
394357,63,"Bakersfield, CA",Msa,CA,2022-04-30,1.6,5.4,12.8
394753,64,"Knoxville, TN",Msa,TN,2022-04-30,2.0,6.7,16.3
394653,65,"Greenville, SC",Msa,SC,2022-04-30,2.4,6.5,13.4
394952,66,"Ventura, CA",Msa,CA,2022-04-30,1.2,4.1,9.5
394318,67,"Allentown, PA",Msa,PA,2022-04-30,1.3,4.3,10.5
394561,68,"El Paso, TX",Msa,TX,2022-04-30,2.0,5.7,10.8
394367,69,"Baton Rouge, LA",Msa,LA,2022-04-30,1.4,3.7,6.0
394521,70,"Dayton, OH",Msa,OH,2022-04-30,1.1,4.2,10.9
394843,71,"McAllen, TX",Msa,TX,2022-04-30,1.5,4.4,9.8
394486,72,"Columbia, SC",Msa,SC,2022-04-30,2.1,6.2,12.9
394648,73,"Greensboro, NC",Msa,NC,2022-04-30,2.2,6.1,13.6
394304,74,"Akron, OH",Msa,OH,2022-04-30,1.1,3.7,8.8
753906,75,"North Port-Sarasota-Bradenton, FL",Msa,FL,2022-04-30,3.4,9.8,20.3
394798,76,"Little Rock, AR",Msa,AR,2022-04-30,1.2,4.0,7.5
395134,77,"Stockton, CA",Msa,CA,2022-04-30,2.2,6.1,13.8
394457,78,"Charleston, SC",Msa,SC,2022-04-30,2.0,6.8,15.2
395143,79,"Syracuse, NY",Msa,NY,2022-04-30,1.5,4.5,9.4
394484,80,"Colorado Springs, CO",Msa,CO,2022-04-30,1.7,5.4,14.4
395235,81,"Winston-Salem, NC",Msa,NC,2022-04-30,1.9,5.5,12.7
395224,82,"Wichita, KS",Msa,KS,2022-04-30,1.2,3.9,8.4
395115,83,"Springfield, MA",Msa,MA,2022-04-30,1.5,4.7,9.9
394440,84,"Fort Myers, FL",Msa,FL,2022-04-30,3.6,10.2,21.5
394399,85,"Boise City, ID",Msa,ID,2022-04-30,0.4,4.1,14.7
395160,86,"Toledo, OH",Msa,OH,2022-04-30,1.1,4.0,9.1
394816,87,"Madison, WI",Msa,WI,2022-04-30,1.3,4.0,9.1
394766,88,"Lakeland, FL",Msa,FL,2022-04-30,2.6,7.6,17.9
394931,89,"Ogden, UT",Msa,UT,2022-04-30,1.7,5.6,15.5
394528,90,"Daytona Beach, FL",Msa,FL,2022-04-30,2.6,8.2,18.9
394531,91,"Des Moines, IA",Msa,IA,2022-04-30,1.0,3.7,7.7
394711,92,"Jackson, MS",Msa,MS,2022-04-30,1.4,4.2,8.4
395245,93,"Youngstown, OH",Msa,OH,2022-04-30,1.5,5.2,11.8
394352,94,"Augusta, GA",Msa,GA,2022-04-30,1.2,4.2,10.1
395075,95,"Scranton, PA",Msa,PA,2022-04-30,1.5,5.3,13.2
394666,96,"Harrisburg, PA",Msa,PA,2022-04-30,1.1,3.7,8.0
394957,97,"Melbourne, FL",Msa,FL,2022-04-30,2.8,8.3,18.0
394460,98,"Chattanooga, TN",Msa,TN,2022-04-30,1.8,5.6,13.3
395113,99,"Spokane, WA",Msa,WA,2022-04-30,1.6,5.3,16.1
395006,100,"Provo, UT",Msa,UT,2022-04-30,2.2,7.5,17.2
394768,101,"Lancaster, PA",Msa,PA,2022-04-30,1.4,4.7,10.3
394871,102,"Modesto, CA",Msa,CA,2022-04-30,1.2,4.7,12.1
394997,103,"Portland, ME",Msa,ME,2022-04-30,1.7,5.1,12.6
394549,104,"Durham, NC",Msa,NC,2022-04-30,2.5,6.7,14.1
395068,105,"Santa Rosa, CA",Msa,CA,2022-04-30,1.8,5.0,9.4
394792,106,"Lexington, KY",Msa,KY,2022-04-30,1.6,4.4,9.7
394761,107,"Lafayette, LA",Msa,LA,2022-04-30,0.9,3.2,5.8
394770,108,"Lansing, MI",Msa,MI,2022-04-30,1.0,3.8,8.7
394590,109,"Fayetteville, AR",Msa,AR,2022-04-30,2.1,6.5,15.1
394971,110,"Pensacola, FL",Msa,FL,2022-04-30,1.9,6.0,15.2
395195,111,"Visalia, CA",Msa,CA,2022-04-30,2.0,5.9,13.7
395096,112,"Shreveport, LA",Msa,LA,2022-04-30,0.6,2.5,2.9
395116,113,"Springfield, MO",Msa,MO,2022-04-30,1.7,4.9,12.2
395244,114,"York, PA",Msa,PA,2022-04-30,1.8,4.5,9.4
394502,115,"Corpus Christi, TX",Msa,TX,2022-04-30,1.1,3.5,7.4
394596,116,"Flint, MI",Msa,MI,2022-04-30,1.0,3.8,11.1
395019,117,"Reno, NV",Msa,NV,2022-04-30,1.5,4.7,12.4
394338,118,"Asheville, NC",Msa,NC,2022-04-30,1.8,5.8,13.7
394995,119,"Port St. Lucie, FL",Msa,FL,2022-04-30,3.0,8.9,19.3
753917,120,"Santa Maria-Santa Barbara, CA",Msa,CA,2022-04-30,2.1,6.8,14.5
394698,121,"Huntsville, AL",Msa,AL,2022-04-30,1.9,6.1,14.6
394612,122,"Fort Wayne, IN",Msa,IN,2022-04-30,1.8,5.4,12.3
395050,123,"Salinas, CA",Msa,CA,2022-04-30,1.7,5.3,12.0
395183,124,"Vallejo, CA",Msa,CA,2022-04-30,1.0,3.9,9.9
394870,125,"Mobile, AL",Msa,AL,2022-04-30,1.4,4.7,11.1
395015,126,"Reading, PA",Msa,PA,2022-04-30,1.3,4.2,10.2
394421,127,"Brownsville, TX",Msa,TX,2022-04-30,1.9,5.5,12.9
394746,128,"Killeen, TX",Msa,TX,2022-04-30,2.2,6.6,15.7
394439,129,"Canton, OH",Msa,OH,2022-04-30,1.1,3.7,9.0
394372,130,"Beaumont, TX",Msa,TX,2022-04-30,0.8,3.0,6.0
394820,131,"Manchester, NH",Msa,NH,2022-04-30,1.4,4.3,11.3
395048,132,"Salem, OR",Msa,OR,2022-04-30,1.5,4.9,12.0
394327,133,"Anchorage, AK",Msa,AK,2022-04-30,1.8,5.1,5.7
394520,134,"Davenport, IL",Msa,IL,2022-04-30,0.9,3.1,5.9
394972,135,"Peoria, IL",Msa,IL,2022-04-30,0.8,2.9,4.8
394898,136,"Myrtle Beach, SC",Msa,SC,2022-04-30,2.3,5.9,13.1
394875,137,"Montgomery, AL",Msa,AL,2022-04-30,1.5,4.4,8.9
395051,138,"Salisbury, MD",Msa,DE,2022-04-30,1.3,3.5,8.3
394658,139,"Gulfport, MS",Msa,MS,2022-04-30,1.6,5.4,11.6
395146,140,"Tallahassee, FL",Msa,FL,2022-04-30,1.4,4.3,9.7
395164,141,"Trenton, NJ",Msa,NJ,2022-04-30,2.3,6.0,11.0
394589,142,"Fayetteville, NC",Msa,NC,2022-04-30,1.7,5.2,10.9
394679,143,"Hickory, NC",Msa,NC,2022-04-30,1.4,5.2,13.7
394697,144,"Huntington, WV",Msa,WV,2022-04-30,0.6,2.6,5.6
394576,145,"Eugene, OR",Msa,OR,2022-04-30,1.2,4.3,11.8
395033,146,"Rockford, IL",Msa,IL,2022-04-30,1.1,4.6,10.3
395070,147,"Savannah, GA",Msa,GA,2022-04-30,1.9,6.7,15.7
394332,148,"Ann Arbor, MI",Msa,MI,2022-04-30,1.5,4.4,8.8
394927,149,"Ocala, FL",Msa,FL,2022-04-30,2.7,7.7,17.8
394732,150,"Kalamazoo, MI",Msa,MI,2022-04-30,0.7,2.7,7.4
394901,151,"Naples, FL",Msa,FL,2022-04-30,4.3,11.8,22.5
395107,152,"South Bend, IN",Msa,IN,2022-04-30,1.5,4.8,12.1
395109,153,"Spartanburg, SC",Msa,SC,2022-04-30,1.6,5.0,12.8
394579,154,"Evansville, IN",Msa,IN,2022-04-30,1.1,3.7,8.7
394747,155,"Kingsport, TN",Msa,TN,2022-04-30,0.6,3.5,9.6
395028,156,"Roanoke, VA",Msa,VA,2022-04-30,1.1,3.8,8.3
394646,157,"Green Bay, WI",Msa,WI,2022-04-30,1.4,4.4,10.3
394796,158,"Lincoln, NE",Msa,NE,2022-04-30,1.6,4.7,9.9
394602,159,"Fort Collins, CO",Msa,CO,2022-04-30,1.9,5.5,11.6
395179,160,"Utica, NY",Msa,NY,2022-04-30,0.9,3.3,8.4
394488,161,"Columbus, GA",Msa,GA,2022-04-30,1.1,4.0,8.4
394405,162,"Boulder, CO",Msa,CO,2022-04-30,2.4,6.2,11.6
394808,163,"Lubbock, TX",Msa,TX,2022-04-30,1.0,3.5,7.4
394572,164,"Erie, PA",Msa,PA,2022-04-30,1.6,4.8,9.1
394609,165,"Fort Smith, AR",Msa,AR,2022-04-30,1.1,3.7,8.1
394543,166,"Duluth, MN",Msa,MN,2022-04-30,1.9,5.1,9.9
394348,167,"Atlantic City, NJ",Msa,NJ,2022-04-30,3.4,9.4,18.0
394924,168,"New London, CT",Msa,CT,2022-04-30,2.2,5.3,10.3
395061,169,"San Luis Obispo, CA",Msa,CA,2022-04-30,1.6,5.3,11.9
394622,170,"Gainesville, FL",Msa,FL,2022-04-30,1.9,5.7,11.9
395065,171,"Santa Cruz, CA",Msa,CA,2022-04-30,2.0,5.3,12.7
394471,172,"Clarksville, TN",Msa,TN,2022-04-30,1.6,6.1,14.7
394447,173,"Cedar Rapids, IA",Msa,IA,2022-04-30,1.4,4.1,7.8
394851,174,"Merced, CA",Msa,CA,2022-04-30,1.8,5.8,14.1
395229,175,"Wilmington, NC",Msa,NC,2022-04-30,2.3,7.0,15.6
394741,176,"Kennewick, WA",Msa,WA,2022-04-30,1.5,4.9,13.2
394645,177,"Greeley, CO",Msa,CO,2022-04-30,1.9,5.9,13.1
395197,178,"Waco, TX",Msa,TX,2022-04-30,2.3,6.5,15.6
394937,179,"Olympia, WA",Msa,WA,2022-04-30,1.6,5.3,14.3
394323,180,"Amarillo, TX",Msa,TX,2022-04-30,1.5,4.8,10.3
394387,181,"Binghamton, NY",Msa,NY,2022-04-30,1.2,3.7,8.2
394660,182,"Hagerstown, WV",Msa,MD,2022-04-30,0.8,3.7,9.3
394412,183,"Bremerton, WA",Msa,WA,2022-04-30,0.6,3.6,11.5
394772,184,"Laredo, TX",Msa,TX,2022-04-30,0.6,2.6,5.0
394811,185,"Lynchburg, VA",Msa,VA,2022-04-30,1.4,4.3,8.9
395240,186,"Yakima, WA",Msa,WA,2022-04-30,1.2,4.8,13.5
753875,187,"Crestview-Fort Walton Beach-Destin, FL",Msa,FL,2022-04-30,2.1,6.3,15.1
395161,188,"Topeka, KS",Msa,KS,2022-04-30,0.9,3.5,8.5
394813,189,"Macon-Bibb County, GA",Msa,GA,2022-04-30,1.3,4.7,11.4
394454,190,"Champaign-Urbana, IL",Msa,IL,2022-04-30,1.2,3.6,6.2
395171,191,"Tuscaloosa, AL",Msa,AL,2022-04-30,1.0,3.6,7.8
394483,192,"College Station, TX",Msa,TX,2022-04-30,1.5,4.3,7.7
395103,193,"Sioux Falls, SD",Msa,SD,2022-04-30,1.1,3.5,8.5
394455,194,"Charleston, WV",Msa,WV,2022-04-30,-0.3,0.7,0.6
394334,195,"Appleton, WI",Msa,WI,2022-04-30,1.9,5.4,11.6
394464,196,"Chico, CA",Msa,CA,2022-04-30,0.9,3.8,9.4
394459,197,"Charlottesville, VA",Msa,VA,2022-04-30,1.1,3.8,7.6
394468,198,"Claremont, NH",Msa,NH,2022-04-30,0.7,4.2,11.4
394361,199,"Barnstable Town, MA",Msa,MA,2022-04-30,2.2,6.2,13.4
394803,200,"Longview, TX",Msa,TX,2022-04-30,1.1,3.4,5.3
394429,201,"Burlington, VT",Msa,VT,2022-04-30,1.3,4.2,8.7
395002,202,"Prescott, AZ",Msa,AZ,2022-04-30,1.7,5.5,14.4
395114,203,"Springfield, IL",Msa,IL,2022-04-30,,3.3,5.0
395174,204,"Tyler, TX",Msa,TX,2022-04-30,1.9,5.8,12.1
394773,205,"Las Cruces, NM",Msa,NM,2022-04-30,1.6,4.9,9.8
394585,206,"Fargo, ND",Msa,ND,2022-04-30,1.1,3.2,5.2
394691,207,"Houma, LA",Msa,LA,2022-04-30,0.7,2.8,4.9
395030,208,"Rochester, MN",Msa,MN,2022-04-30,1.0,3.8,8.6
394597,209,"Florence, SC",Msa,SC,2022-04-30,1.4,4.2,8.7
394848,210,"Medford, OR",Msa,OR,2022-04-30,1.2,3.9,9.4
753895,211,"Lafayette-West Lafayette, IN",Msa,IN,2022-04-30,1.1,4.0,10.3
394378,212,"Bellingham, WA",Msa,WA,2022-04-30,1.3,4.9,14.2
394765,213,"Lake Havasu City, AZ",Msa,AZ,2022-04-30,2.3,6.8,17.3
395047,214,"Saginaw, MI",Msa,MI,2022-04-30,1.0,3.7,11.0
394763,215,"Lake Charles, LA",Msa,LA,2022-04-30,0.4,2.3,4.2
394726,216,"Johnson City, TN",Msa,TN,2022-04-30,-0.1,2.2,7.4
394565,217,"Elkhart, IN",Msa,IN,2022-04-30,1.4,4.6,11.6
395247,218,"Yuma, AZ",Msa,AZ,2022-04-30,2.2,6.1,15.0
395011,219,"Racine, WI",Msa,WI,2022-04-30,0.4,2.8,8.9
394346,220,"Athens, GA",Msa,GA,2022-04-30,1.2,4.9,13.5
395162,221,"Torrington, CT",Msa,CT,2022-04-30,1.2,4.4,10.3
395118,222,"St. Cloud, MN",Msa,MN,2022-04-30,1.5,4.2,9.6
394681,223,"Hilton Head Island, SC",Msa,SC,2022-04-30,2.8,8.3,17.7
753869,224,"Bloomington, IL",Msa,IL,2022-04-30,2.2,5.7,9.3
394680,225,"Hilo, HI",Msa,HI,2022-04-30,2.8,8.1,16.2
394960,226,"Panama City, FL",Msa,FL,2022-04-30,2.0,6.0,14.0
394748,227,"Kingston, NY",Msa,NY,2022-04-30,0.8,4.5,14.4
394519,228,"Daphne, AL",Msa,AL,2022-04-30,1.4,5.2,14.3
394623,229,"Gainesville, GA",Msa,GA,2022-04-30,1.5,6.4,17.0
395202,230,"Warner Robins, GA",Msa,GA,2022-04-30,1.8,4.7,9.9
394392,231,"Blacksburg, VA",Msa,VA,2022-04-30,0.7,2.9,6.5
394716,232,"Jacksonville, NC",Msa,NC,2022-04-30,1.7,4.9,11.5
395018,233,"Redding, CA",Msa,CA,2022-04-30,1.3,5.0,11.5
394872,234,"Monroe, LA",Msa,LA,2022-04-30,0.9,3.5,5.9
394729,235,"Joplin, MO",Msa,MO,2022-04-30,1.7,4.6,9.6
394559,236,"El Centro, CA",Msa,CA,2022-04-30,0.8,4.8,13.2
395151,237,"Terre Haute, IN",Msa,IN,2022-04-30,1.1,3.5,7.9
394896,238,"Muskegon, MI",Msa,MI,2022-04-30,1.3,4.8,13.2
394553,239,"East Stroudsburg, PA",Msa,PA,2022-04-30,1.2,4.4,14.0
395102,240,"Sioux City, IA",Msa,IA,2022-04-30,0.9,3.7,6.1
394651,241,"Greenville, NC",Msa,NC,2022-04-30,1.6,4.3,9.8
395210,242,"Waterloo, IA",Msa,IA,2022-04-30,0.5,2.4,4.7
394944,243,"Oshkosh, WI",Msa,WI,2022-04-30,0.9,3.5,9.5
395246,244,"Yuba City, CA",Msa,CA,2022-04-30,0.9,4.3,11.8
394299,245,"Abilene, TX",Msa,TX,2022-04-30,1.4,4.2,8.9
394485,246,"Columbia, MO",Msa,MO,2022-04-30,1.9,5.0,9.7
394539,247,"Dover, DE",Msa,DE,2022-04-30,1.4,4.4,9.9
394555,248,"Eau Claire, WI",Msa,WI,2022-04-30,1.9,5.5,11.8
394720,249,"Janesville, WI",Msa,WI,2022-04-30,1.7,5.2,11.6
394710,250,"Jackson, MI",Msa,MI,2022-04-30,1.5,5.0,11.1
395009,251,"Punta Gorda, FL",Msa,FL,2022-04-30,3.9,10.0,21.9
394393,252,"Bloomington, IN",Msa,IN,2022-04-30,1.0,3.7,10.0
395007,253,"Pueblo, CO",Msa,CO,2022-04-30,1.8,5.7,15.7
394386,254,"Billings, MT",Msa,MT,2022-04-30,2.0,5.2,10.0
394406,255,"Bowling Green, KY",Msa,KY,2022-04-30,0.8,4.3,9.3
394380,256,"Bend, OR",Msa,OR,2022-04-30,2.4,7.2,16.0
394306,257,"Albany, GA",Msa,GA,2022-04-30,0.7,3.1,7.1
395193,258,"Vineland, NJ",Msa,NJ,2022-04-30,1.5,5.0,11.5
394917,259,"Niles, MI",Msa,MI,2022-04-30,1.8,5.2,10.5
394731,260,"Kahului, HI",Msa,HI,2022-04-30,2.5,6.3,13.6
394946,261,"Ottawa, IL",Msa,IL,2022-04-30,0.8,3.4,7.4
395125,262,"State College, PA",Msa,PA,2022-04-30,1.5,4.3,7.3
394359,263,"Bangor, ME",Msa,ME,2022-04-30,1.6,6.5,14.4
394314,264,"Alexandria, LA",Msa,LA,2022-04-30,1.4,4.0,5.5
394523,265,"Decatur, AL",Msa,AL,2022-04-30,1.3,4.5,10.0
394662,266,"Hanford, CA",Msa,CA,2022-04-30,1.9,5.7,12.4
394707,267,"Iowa City, IA",Msa,IA,2022-04-30,1.5,4.3,7.1
395036,268,"Rocky Mount, NC",Msa,NC,2022-04-30,1.7,4.7,11.0
394873,269,"Monroe, MI",Msa,MI,2022-04-30,1.3,3.8,8.1
395223,270,"Wichita Falls, TX",Msa,TX,2022-04-30,1.0,3.8,9.5
394428,271,"Burlington, NC",Msa,NC,2022-04-30,2.1,7.3,16.6
394814,272,"Madera, CA",Msa,CA,2022-04-30,1.4,5.0,13.8
394723,273,"Jefferson City, MO",Msa,MO,2022-04-30,1.0,3.7,8.4
394453,274,"Chambersburg, PA",Msa,PA,2022-04-30,1.3,4.3,9.0
395152,275,"Texarkana, TX",Msa,TX,2022-04-30,1.0,3.8,9.0
394563,276,"Elizabethtown, KY",Msa,KY,2022-04-30,1.4,4.5,10.2
395000,277,"Pottsville, PA",Msa,PA,2022-04-30,1.1,5.0,12.1
395221,278,"Wheeling, OH",Msa,OH,2022-04-30,0.8,3.3,8.1
394598,279,"Florence, AL",Msa,AL,2022-04-30,1.3,4.8,11.1
394639,280,"Grand Junction, CO",Msa,CO,2022-04-30,2.1,5.8,14.1
394493,281,"Concord, NH",Msa,NH,2022-04-30,1.2,4.4,11.3
394537,282,"Dothan, AL",Msa,AL,2022-04-30,1.6,4.2,7.6
395066,283,"Santa Fe, NM",Msa,NM,2022-04-30,1.5,4.7,10.8
394727,284,"Johnstown, PA",Msa,PA,2022-04-30,0.5,2.2,5.5
395163,285,"Traverse City, MI",Msa,MI,2022-04-30,1.5,5.1,12.8
394671,286,"Hattiesburg, MS",Msa,MS,2022-04-30,0.7,2.8,6.0
394515,287,"Dalton, GA",Msa,GA,2022-04-30,3.0,6.2,13.1
394860,288,"Midland, TX",Msa,TX,2022-04-30,0.6,2.6,5.0
394685,289,"Homosassa Springs, FL",Msa,FL,2022-04-30,2.5,7.6,18.6
394351,290,"Auburn, AL",Msa,AL,2022-04-30,0.8,3.2,8.1
395182,291,"Valdosta, GA",Msa,GA,2022-04-30,1.8,4.8,9.9
394480,292,"Coeur d'Alene, ID",Msa,ID,2022-04-30,1.8,5.9,17.5
395117,293,"Springfield, OH",Msa,OH,2022-04-30,1.2,4.5,9.8
395119,294,"St. George, UT",Msa,UT,2022-04-30,1.6,6.7,17.4
395079,295,"Vero Beach, FL",Msa,FL,2022-04-30,3.1,9.3,20.2
394930,296,"Odessa, TX",Msa,TX,2022-04-30,0.2,1.8,2.3
394900,297,"Napa, CA",Msa,CA,2022-04-30,1.5,4.6,9.7
395170,298,"Tupelo, MS",Msa,MS,2022-04-30,0.7,2.8,5.7
394368,299,"Battle Creek, MI",Msa,MI,2022-04-30,1.4,4.4,10.9
394719,300,"Jamestown, NY",Msa,NY,2022-04-30,2.1,5.8,12.6
394577,301,"Eureka, CA",Msa,CA,2022-04-30,1.1,4.7,11.0
395013,302,"Rapid City, SD",Msa,SD,2022-04-30,1.3,4.0,10.0
394595,303,"Flagstaff, AZ",Msa,AZ,2022-04-30,3.2,8.0,17.7
394810,304,"Lumberton, NC",Msa,NC,2022-04-30,0.9,3.2,8.7
395215,305,"Wausau, WI",Msa,WI,2022-04-30,1.6,4.8,10.6
394756,306,"La Crosse, WI",Msa,WI,2022-04-30,1.0,3.6,8.4
394783,307,"Lebanon, PA",Msa,PA,2022-04-30,1.2,3.8,9.1
394703,308,"Idaho Falls, ID",Msa,ID,2022-04-30,1.0,4.4,15.3
395098,309,"Sierra Vista, AZ",Msa,AZ,2022-04-30,1.9,4.3,9.9
394983,310,"Pittsfield, MA",Msa,MA,2022-04-30,2.5,7.0,13.0
394780,311,"Lawton, OK",Msa,OK,2022-04-30,1.4,3.8,6.8
394588,312,"Farmington, NM",Msa,NM,2022-04-30,1.4,4.5,11.6
394712,313,"Jackson, TN",Msa,TN,2022-04-30,1.3,5.2,12.6
394879,314,"Morgantown, WV",Msa,WV,2022-04-30,0.8,2.8,5.4
394633,315,"Glens Falls, NY",Msa,NY,2022-04-30,1.4,4.4,8.9
395232,316,"Winchester, VA",Msa,VA,2022-04-30,1.0,3.9,8.9
395120,317,"St. Joseph, MO",Msa,MO,2022-04-30,1.2,3.9,7.6
394321,318,"Altoona, PA",Msa,PA,2022-04-30,1.1,3.6,7.1
394905,319,"New Bern, NC",Msa,NC,2022-04-30,1.6,4.9,10.2
394442,320,"Carbondale, IL",Msa,IL,2022-04-30,0.7,2.8,5.3
394802,321,"London, KY",Msa,KY,2022-04-30,0.9,3.0,6.3
394800,322,"Logan, ID",Msa,UT,2022-04-30,2.6,7.4,18.2
394668,323,"Harrisonburg, VA",Msa,VA,2022-04-30,0.7,2.8,6.8
394374,324,"Beckley, WV",Msa,WV,2022-04-30,0.8,2.6,4.2
394824,325,"Mansfield, OH",Msa,OH,2022-04-30,1.9,5.2,11.5
395217,326,"Weirton, OH",Msa,OH,2022-04-30,0.8,2.8,6.0
394635,327,"Goldsboro, NC",Msa,NC,2022-04-30,1.9,5.3,11.0
394353,328,"Augusta, ME",Msa,ME,2022-04-30,2.1,6.7,16.8
394661,329,"Hammond, LA",Msa,LA,2022-04-30,1.6,4.4,6.3
394728,330,"Jonesboro, AR",Msa,AR,2022-04-30,1.2,4.1,9.2
395094,331,"Sherman, TX",Msa,TX,2022-04-30,2.6,6.9,17.0
394333,332,"Anniston, AL",Msa,AL,2022-04-30,0.9,3.2,8.7
395128,333,"Staunton, VA",Msa,VA,2022-04-30,0.7,3.0,6.6
394893,334,"Muncie, IN",Msa,IN,2022-04-30,1.7,5.4,13.6
394890,335,"Mount Vernon, WA",Msa,WA,2022-04-30,0.4,4.2,12.8
394307,336,"Albany, OR",Msa,OR,2022-04-30,1.5,4.8,13.5
395213,337,"Watertown, NY",Msa,NY,2022-04-30,1.4,3.1,5.3
395225,338,"Williamsport, PA",Msa,PA,2022-04-30,1.2,4.6,9.4
394474,339,"Cleveland, TN",Msa,TN,2022-04-30,1.0,4.6,12.5
395089,340,"Sheboygan, WI",Msa,WI,2022-04-30,2.0,5.5,11.3
394390,341,"Bismarck, ND",Msa,ND,2022-04-30,1.0,2.9,4.3
394949,342,"Owensboro, KY",Msa,KY,2022-04-30,1.0,3.6,9.9
394546,343,"Dunn, NC",Msa,NC,2022-04-30,2.1,6.0,13.5
395237,344,"Wooster, OH",Msa,OH,2022-04-30,,6.2,14.7
394880,345,"Morristown, TN",Msa,TN,2022-04-30,3.0,6.7,13.6
394734,346,"Kankakee, IL",Msa,IL,2022-04-30,1.0,3.4,7.8
394423,347,"Brunswick, GA",Msa,GA,2022-04-30,2.1,5.8,11.8
394932,348,"Ogdensburg, NY",Msa,NY,2022-04-30,2.3,7.0,13.5
395054,349,"San Angelo, TX",Msa,TX,2022-04-30,0.8,3.2,6.7
394857,350,"Michigan City, IN",Msa,IN,2022-04-30,1.7,4.2,10.1
753890,351,"Holland, MI",Msa,MI,2022-04-30,0.9,3.4,10.0
395218,352,"Wenatchee, WA",Msa,WA,2022-04-30,1.0,4.7,12.9
394778,353,"Lawrence, KS",Msa,KS,2022-04-30,1.4,5.4,12.0
394524,354,"Decatur, IL",Msa,IL,2022-04-30,0.7,3.2,6.8
394867,355,"Missoula, MT",Msa,MT,2022-04-30,1.0,6.0,18.7
753915,356,"Salem, OH",Msa,OH,2022-04-30,0.6,2.7,7.0
394369,357,"Bay City, MI",Msa,MI,2022-04-30,0.9,3.7,9.7
394788,358,"Lewiston, ME",Msa,ME,2022-04-30,1.0,4.9,13.3
395039,359,"Roseburg, OR",Msa,OR,2022-04-30,1.8,5.4,14.0
395139,360,"Sumter, SC",Msa,SC,2022-04-30,1.5,4.3,8.9
394852,361,"Meridian, MS",Msa,MS,2022-04-30,0.7,2.6,3.8
395095,361,"Show Low, AZ",Msa,AZ,2022-04-30,2.1,6.5,17.7
394396,363,"Bluefield, WV",Msa,WV,2022-04-30,0.7,2.9,5.9
394518,364,"Danville, VA",Msa,VA,2022-04-30,0.8,2.9,6.2
394794,365,"Lima, OH",Msa,OH,2022-04-30,1.6,4.9,11.2
394495,366,"Cookeville, TN",Msa,TN,2022-04-30,2.0,6.4,14.7
753872,367,"California-Lexington Park, MD",Msa,MD,2022-04-30,1.3,3.9,7.8
394620,368,"Gadsden, AL",Msa,AL,2022-04-30,1.1,5.6,13.6
394513,369,"Cumberland, MD",Msa,MD,2022-04-30,2.4,6.2,9.4
394804,370,"Longview, WA",Msa,WA,2022-04-30,1.4,4.6,13.0
395222,371,"Whitewater, WI",Msa,WI,2022-04-30,0.9,3.6,9.9
394599,372,"Fond du Lac, WI",Msa,WI,2022-04-30,0.3,2.8,8.5
394709,373,"Ithaca, NY",Msa,NY,2022-04-30,1.4,4.6,7.8
394340,374,"Ashtabula, OH",Msa,OH,2022-04-30,2.9,7.6,13.0
394630,375,"Gettysburg, PA",Msa,PA,2022-04-30,1.1,3.4,6.9
394980,376,"Pine Bluff, AR",Msa,AR,2022-04-30,0.8,3.2,7.2
395168,377,"Tullahoma, TN",Msa,TN,2022-04-30,2.7,7.5,16.5
395023,378,"Richmond, KY",Msa,KY,2022-04-30,1.3,4.3,9.5
394302,379,"Adrian, MI",Msa,MI,2022-04-30,1.5,4.6,10.4
395173,380,"Twin Falls, ID",Msa,ID,2022-04-30,2.0,7.0,19.3
394501,381,"Corning, NY",Msa,NY,2022-04-30,,4.2,7.2
395080,382,"Sebring, FL",Msa,FL,2022-04-30,2.2,6.9,16.7
395166,383,"Truckee, CA",Msa,CA,2022-04-30,0.2,3.1,9.3
394953,384,"Paducah, KY",Msa,KY,2022-04-30,1.4,3.4,7.3
394637,385,"Grand Forks, ND",Msa,ND,2022-04-30,1.1,3.7,5.4
395090,386,"Shelby, NC",Msa,NC,2022-04-30,2.2,5.5,10.1
394580,387,"Fairbanks, AK",Msa,AK,2022-04-30,0.5,2.0,3.4
394928,388,"Ocean City, NJ",Msa,NJ,2022-04-30,1.7,6.1,14.7
394823,389,"Mankato, MN",Msa,MN,2022-04-30,1.2,3.8,7.8
395038,390,"Rome, GA",Msa,GA,2022-04-30,0.5,4.1,12.5
394441,391,"Cape Girardeau, MO",Msa,MO,2022-04-30,1.7,4.6,10.1
394689,392,"Hot Springs, AR",Msa,AR,2022-04-30,1.6,5.7,14.2
394655,393,"Greenwood, SC",Msa,SC,2022-04-30,0.9,3.1,7.3
395140,394,"Sunbury, PA",Msa,PA,2022-04-30,0.6,2.7,6.8
394469,395,"Clarksburg, WV",Msa,WV,2022-04-30,0.7,2.7,6.2
395190,396,"Victoria, TX",Msa,TX,2022-04-30,2.9,10.2,21.2
395145,397,"Talladega, AL",Msa,AL,2022-04-30,0.9,3.5,8.2
394542,398,"Dubuque, IA",Msa,IA,2022-04-30,2.5,7.6,14.4
395153,399,"The Villages, FL",Msa,FL,2022-04-30,3.0,7.4,14.7
394311,400,"Albertville, AL",Msa,AL,2022-04-30,2.1,5.4,12.4
394821,401,"Manhattan, KS",Msa,KS,2022-04-30,0.6,2.6,5.5
394964,402,"Parkersburg, WV",Msa,WV,2022-04-30,1.6,4.7,9.1
394911,403,"New Philadelphia, OH",Msa,OH,2022-04-30,1.0,3.6,7.2
394942,404,"Orangeburg, SC",Msa,SC,2022-04-30,0.8,2.8,5.4
394462,405,"Cheyenne, WY",Msa,WY,2022-04-30,1.5,4.5,8.7
394907,406,"New Castle, PA",Msa,PA,2022-04-30,2.5,6.1,11.3
394410,407,"Brainerd, MN",Msa,MN,2022-04-30,1.6,4.4,11.9
394733,408,"Kalispell, MT",Msa,MT,2022-04-30,2.4,8.5,23.4
395086,409,"Sevierville, TN",Msa,TN,2022-04-30,1.2,6.7,19.5
394325,410,"Ames, IA",Msa,IA,2022-04-30,0.5,2.3,4.9
394407,411,"Bozeman, MT",Msa,MT,2022-04-30,0.3,3.4,11.7
394882,412,"Moses Lake, WA",Msa,WA,2022-04-30,0.5,3.7,13.5
394704,413,"Indiana, PA",Msa,PA,2022-04-30,0.5,2.6,6.1
394568,414,"Elmira, NY",Msa,NY,2022-04-30,0.1,1.8,7.9
394847,415,"Meadville, PA",Msa,PA,2022-04-30,0.8,3.1,7.0
394373,416,"Beaver Dam, WI",Msa,WI,2022-04-30,1.4,4.6,11.5
753912,417,"Pinehurst-Southern Pines, NC",Msa,NC,2022-04-30,1.9,6.6,15.5
395175,418,"Ukiah, CA",Msa,CA,2022-04-30,0.0,2.0,5.9
753887,419,"Hermiston-Pendleton, OR",Msa,OR,2022-04-30,1.3,4.1,11.0
394809,420,"Lufkin, TX",Msa,TX,2022-04-30,0.9,3.5,7.7
395248,421,"Zanesville, OH",Msa,OH,2022-04-30,1.4,5.1,13.0
394505,422,"Corvallis, OR",Msa,OR,2022-04-30,1.4,4.8,12.2
394395,423,"Bloomsburg, PA",Msa,PA,2022-04-30,0.5,2.3,5.9
394776,424,"Laurel, MS",Msa,MS,2022-04-30,1.0,3.3,6.4
395042,425,"Russellville, AR",Msa,AR,2022-04-30,1.5,2.8,7.4
394411,426,"Branson, MO",Msa,MO,2022-04-30,2.8,7.5,15.1
395212,427,"Watertown, WI",Msa,WI,2022-04-30,1.0,3.9,9.8
394859,428,"Midland, MI",Msa,MI,2022-04-30,1.1,4.0,10.7
394941,429,"Opelousas, LA",Msa,LA,2022-04-30,0.8,3.0,5.8
394988,430,"Pocatello, ID",Msa,ID,2022-04-30,2.4,6.5,16.6
394755,431,"Kokomo, IN",Msa,IN,2022-04-30,1.3,4.1,9.8
394641,432,"Grants Pass, OR",Msa,OR,2022-04-30,0.3,2.7,9.0
394699,433,"Huntsville, TX",Msa,TX,2022-04-30,1.0,3.7,8.8
394986,434,"Plattsburgh, NY",Msa,NY,2022-04-30,1.7,4.5,8.4
394638,435,"Grand Island, NE",Msa,NE,2022-04-30,0.7,3.1,7.7
394541,436,"DuBois, PA",Msa,PA,2022-04-30,0.7,2.6,5.8
394516,437,"Danville, IL",Msa,IL,2022-04-30,0.7,2.9,4.9
394822,438,"Manitowoc, WI",Msa,WI,2022-04-30,1.3,4.7,10.4
394644,439,"Great Falls, MT",Msa,MT,2022-04-30,1.8,5.3,11.9
395231,440,"Wilson, NC",Msa,NC,2022-04-30,1.6,4.3,11.1
394511,441,"Cullman, AL",Msa,AL,2022-04-30,2.7,5.5,11.4
394936,442,"Olean, NY",Msa,NY,2022-04-30,2.5,6.1,13.2
394350,443,"Auburn, NY",Msa,NY,2022-04-30,0.9,3.5,7.9
394999,444,"Portsmouth, OH",Msa,OH,2022-04-30,0.8,3.1,6.3
394345,445,"Athens, TX",Msa,TX,2022-04-30,3.1,9.1,19.2
394925,446,"Oak Harbor, WA",Msa,WA,2022-04-30,0.9,4.5,12.2
394465,447,"Chillicothe, OH",Msa,OH,2022-04-30,0.6,2.9,7.6
394682,448,"Hinesville, GA",Msa,GA,2022-04-30,1.4,4.2,8.4
395106,449,"Somerset, PA",Msa,PA,2022-04-30,0.6,2.7,6.3
395205,450,"Warsaw, IN",Msa,IN,2022-04-30,1.2,4.2,9.3
395133,451,"Stillwater, OK",Msa,OK,2022-04-30,1.4,3.8,7.5
395010,452,"Quincy, IL",Msa,IL,2022-04-30,1.7,4.1,7.0
394738,453,"Keene, NH",Msa,NH,2022-04-30,1.6,4.7,11.1
395062,454,"Sandusky, OH",Msa,OH,2022-04-30,2.8,7.2,13.1
395077,455,"Searcy, AR",Msa,AR,2022-04-30,1.6,4.0,7.4
394489,456,"Columbus, IN",Msa,IN,2022-04-30,1.1,3.8,8.5
395027,457,"Roanoke Rapids, NC",Msa,NC,2022-04-30,0.7,3.1,7.5
394452,458,"Centralia, WA",Msa,WA,2022-04-30,0.8,4.2,12.4
394445,459,"Casper, WY",Msa,WY,2022-04-30,1.3,3.8,6.3
394675,460,"Helena, MT",Msa,MT,2022-04-30,1.6,4.2,11.2
394593,461,"Findlay, OH",Msa,OH,2022-04-30,1.2,3.9,9.0
753928,462,"Wisconsin Rapids-Marshfield, WI",Msa,WI,2022-04-30,1.3,4.5,9.6
394955,463,"Palatka, FL",Msa,FL,2022-04-30,1.9,5.5,14.2
395085,464,"Seneca, SC",Msa,SC,2022-04-30,2.0,5.8,13.7
394884,465,"Mount Airy, NC",Msa,NC,2022-04-30,0.8,3.2,7.8
753881,466,"Glenwood Springs, CO",Msa,CO,2022-04-30,1.5,5.4,12.4
394744,467,"Key West, FL",Msa,FL,2022-04-30,2.9,7.9,15.2
394298,468,"Aberdeen, WA",Msa,WA,2022-04-30,2.0,6.6,19.1
394626,469,"Gallup, NM",Msa,NM,2022-04-30,0.6,2.9,6.9
394994,470,"Port Angeles, WA",Msa,WA,2022-04-30,2.2,6.5,17.2
753883,471,"Greenfield Town, MA",Msa,MA,2022-04-30,1.1,4.3,9.9
394897,473,"Muskogee, OK",Msa,OK,2022-04-30,0.8,2.6,5.5
394614,474,"Frankfort, KY",Msa,KY,2022-04-30,1.1,3.8,7.7
394950,475,"Owosso, MI",Msa,MI,2022-04-30,1.9,6.1,12.6
394885,476,"Mount Pleasant, MI",Msa,MI,2022-04-30,0.6,3.3,8.0
395126,477,"Statesboro, GA",Msa,GA,2022-04-30,1.5,5.8,11.2
394826,478,"Marion, IN",Msa,IN,2022-04-30,0.7,3.6,8.6
395132,479,"Stevens Point, WI",Msa,WI,2022-04-30,0.6,3.2,8.4
394866,480,"Minot, ND",Msa,ND,2022-04-30,1.0,3.6,3.6
395088,481,"Shawnee, OK",Msa,OK,2022-04-30,1.0,4.1,8.5
394922,482,"North Wilkesboro, NC",Msa,NC,2022-04-30,1.0,4.0,11.5
395021,483,"Richmond, IN",Msa,IN,2022-04-30,0.8,3.2,6.4
394647,484,"Greeneville, TN",Msa,TN,2022-04-30,3.5,7.2,16.9
394836,485,"Martinsville, VA",Msa,VA,2022-04-30,0.8,3.1,5.9
394600,486,"Forest City, NC",Msa,NC,2022-04-30,1.3,4.1,9.8
394764,487,"Lake City, FL",Msa,FL,2022-04-30,1.3,3.8,8.5
394736,488,"Kapaa, HI",Msa,HI,2022-04-30,3.6,8.8,17.2
394829,489,"Marquette, MI",Msa,MI,2022-04-30,0.6,2.8,7.3
394762,490,"LaGrange, GA",Msa,GA,2022-04-30,2.5,7.5,14.6
394827,491,"Marion, OH",Msa,OH,2022-04-30,0.8,3.0,7.5
394877,492,"Morehead City, NC",Msa,NC,2022-04-30,2.1,7.1,16.3
394752,493,"Klamath Falls, OR",Msa,OR,2022-04-30,1.3,5.6,13.1
394825,494,"Marinette, WI",Msa,WI,2022-04-30,0.7,3.1,8.4
395040,495,"Roswell, NM",Msa,NM,2022-04-30,0.9,3.5,8.8
394832,496,"Marshall, TX",Msa,TX,2022-04-30,0.7,2.6,5.1
394587,497,"Farmington, MO",Msa,MO,2022-04-30,0.5,3.0,9.3
394456,498,"Charleston, IL",Msa,IL,2022-04-30,0.5,2.8,5.1
394343,499,"Athens, OH",Msa,OH,2022-04-30,0.6,3.0,6.8
394683,500,"Hobbs, NM",Msa,NM,2022-04-30,0.4,2.4,6.6
394472,501,"Clearlake, CA",Msa,CA,2022-04-30,0.9,2.7,8.5
394899,502,"Nacogdoches, TX",Msa,TX,2022-04-30,0.7,2.9,6.2
394701,503,"Hutchinson, KS",Msa,KS,2022-04-30,0.6,2.8,5.6
394586,504,"Faribault, MN",Msa,MN,2022-04-30,0.9,3.1,8.1
394562,505,"Elizabeth City, NC",Msa,NC,2022-04-30,0.8,3.1,7.7
753891,506,"Ionia, MI",Msa,MI,2022-04-30,1.2,5.0,11.2
394305,507,"Alamogordo, NM",Msa,NM,2022-04-30,0.7,3.0,8.0
395016,508,"Red Bluff, CA",Msa,CA,2022-04-30,-0.2,2.9,6.2
394693,509,"Hudson, NY",Msa,NY,2022-04-30,1.4,5.8,11.2
395105,510,"Somerset, KY",Msa,KY,2022-04-30,0.9,3.3,7.9
394496,511,"Coos Bay, OR",Msa,OR,2022-04-30,1.8,5.9,14.6
395199,512,"Walla Walla, WA",Msa,WA,2022-04-30,0.5,2.4,9.1
395071,513,"Sayre, PA",Msa,PA,2022-04-30,0.5,2.5,5.8
394939,514,"Oneonta, NY",Msa,NY,2022-04-30,0.6,2.6,6.2
394605,515,"Fort Madison, IA",Msa,IA,2022-04-30,0.6,2.6,5.0
394360,516,"Baraboo, WI",Msa,WI,2022-04-30,2.1,5.3,10.8
753903,517,"Marietta, OH",Msa,OH,2022-04-30,0.8,3.5,8.2
395049,518,"Salina, KS",Msa,KS,2022-04-30,0.5,2.7,6.0
395044,519,"Rutland, VT",Msa,VT,2022-04-30,1.0,3.1,6.8
753866,520,"Big Stone Gap, VA",Msa,VA,2022-04-30,0.8,3.0,5.2
395136,521,"Sturgis, MI",Msa,MI,2022-04-30,1.6,4.2,11.6
395024,522,"Rio Grande City, TX",Msa,TX,2022-04-30,0.6,2.4,5.0
394618,523,"Fremont, OH",Msa,OH,2022-04-30,0.7,3.2,7.4
394889,524,"Mount Vernon, OH",Msa,OH,2022-04-30,1.0,3.8,10.1
394787,525,"Lewiston, ID",Msa,ID,2022-04-30,0.6,3.0,10.0
395092,526,"Shelton, WA",Msa,WA,2022-04-30,0.0,3.4,13.2
394309,527,"Albemarle, NC",Msa,NC,2022-04-30,1.7,4.7,10.9
394570,528,"Enid, OK",Msa,OK,2022-04-30,0.8,2.7,4.2
753893,529,"Jefferson, GA",Msa,GA,2022-04-30,1.3,6.6,17.8
394629,530,"Georgetown, SC",Msa,SC,2022-04-30,2.1,6.7,15.1
394759,531,"Laconia, NH",Msa,NH,2022-04-30,1.9,6.1,14.3
394365,532,"Batavia, NY",Msa,NY,2022-04-30,0.9,3.3,8.4
753910,533,"Oxford, NC",Msa,NC,2022-04-30,1.0,3.9,12.3
394490,534,"Columbus, MS",Msa,MS,2022-04-30,0.8,3.0,6.1
394923,535,"Norwalk, OH",Msa,OH,2022-04-30,0.6,2.7,7.2
394362,536,"Barre, VT",Msa,VT,2022-04-30,-0.2,0.9,6.1
394750,537,"Kinston, NC",Msa,NC,2022-04-30,0.9,3.3,8.8
395131,538,"Sterling, IL",Msa,IL,2022-04-30,0.5,2.4,4.4
394956,539,"Palestine, TX",Msa,TX,2022-04-30,0.8,2.9,6.1
394540,540,"Dublin, GA",Msa,GA,2022-04-30,0.8,3.6,9.0
395189,541,"Vicksburg, MS",Msa,MS,2022-04-30,0.6,2.3,4.8
394989,542,"Point Pleasant, WV",Msa,WV,2022-04-30,0.8,3.2,7.0
395063,543,"Sanford, NC",Msa,NC,2022-04-30,3.0,10.8,25.1
394591,544,"Fergus Falls, MN",Msa,MN,2022-04-30,0.6,2.9,7.6
395157,545,"Tiffin, OH",Msa,OH,2022-04-30,0.6,2.8,7.9
394582,546,"Fairmont, WV",Msa,WV,2022-04-30,0.7,2.5,6.1
394509,547,"Crossville, TN",Msa,TN,2022-04-30,1.4,6.4,17.0
394977,548,"Picayune, MS",Msa,MS,2022-04-30,0.8,2.7,5.6
394634,549,"Gloversville, NY",Msa,NY,2022-04-30,-0.1,1.6,6.8
753920,550,"Sonora, CA",Msa,CA,2022-04-30,1.3,5.1,10.9
394621,551,"Gaffney, SC",Msa,SC,2022-04-30,1.0,3.6,8.6
394444,552,"Carson City, NV",Msa,NV,2022-04-30,1.2,4.3,13.4
394432,553,"Calhoun, GA",Msa,GA,2022-04-30,1.0,3.8,10.0
394861,554,"Milledgeville, GA",Msa,GA,2022-04-30,0.8,3.2,8.2
395216,555,"Waycross, GA",Msa,GA,2022-04-30,0.9,3.5,9.6
394933,556,"Oil City, PA",Msa,PA,2022-04-30,0.7,3.0,7.0
394721,557,"Jasper, IN",Msa,IN,2022-04-30,0.7,3.1,8.5
394878,558,"Morgan City, LA",Msa,LA,2022-04-30,0.9,2.8,3.4
394551,559,"Eagle Pass, TX",Msa,TX,2022-04-30,0.8,3.2,6.6
394940,560,"Ontario, OR",Msa,OR,2022-04-30,0.8,3.7,12.5
394443,561,"Carlsbad, NM",Msa,NM,2022-04-30,,,-0.3
394967,562,"Payson, AZ",Msa,AZ,2022-04-30,2.3,7.0,19.8
394844,563,"McComb, MS",Msa,MS,2022-04-30,0.5,2.6,5.1
395029,564,"Rochelle, IL",Msa,IL,2022-04-30,2.0,5.5,9.9
395073,565,"Scottsboro, AL",Msa,AL,2022-04-30,0.6,2.9,7.1
394517,566,"Danville, KY",Msa,KY,2022-04-30,0.9,3.3,6.9
394339,567,"Ashland, OH",Msa,OH,2022-04-30,0.8,3.2,8.0
394903,568,"Natchez, MS",Msa,MS,2022-04-30,0.8,3.7,6.8
394652,569,"Greenville, OH",Msa,OH,2022-04-30,0.6,2.9,6.3
394625,570,"Galesburg, IL",Msa,IL,2022-04-30,0.6,2.7,5.0
395204,571,"Warrensburg, MO",Msa,MO,2022-04-30,1.5,3.5,9.9
394737,572,"Kearney, NE",Msa,NE,2022-04-30,0.7,3.1,8.4
394608,573,"Fort Polk South, LA",Msa,LA,2022-04-30,0.7,2.7,3.8
394604,574,"Fort Leonard Wood, MO",Msa,MO,2022-04-30,0.6,2.3,3.4
394632,575,"Glasgow, KY",Msa,KY,2022-04-30,1.0,3.4,7.2
394344,576,"Athens, TN",Msa,TN,2022-04-30,1.5,4.6,10.3
394556,577,"Edwards, CO",Msa,CO,2022-04-30,1.8,5.5,13.7
394592,578,"Fernley, NV",Msa,NV,2022-04-30,1.4,4.5,13.1
394838,579,"Mason City, IA",Msa,IA,2022-04-30,0.6,2.7,6.1
394819,580,"Malone, NY",Msa,NY,2022-04-30,0.8,2.7,6.3
395234,581,"Winona, MN",Msa,MN,2022-04-30,1.3,4.1,8.2
394547,582,"Durango, CO",Msa,CO,2022-04-30,2.2,6.6,14.8
394985,583,"Platteville, WI",Msa,WI,2022-04-30,0.7,3.0,7.4
394650,584,"Greenville, MS",Msa,MS,2022-04-30,,,-5.5
394402,585,"Boone, NC",Msa,NC,2022-04-30,2.8,6.3,14.4
394363,586,"Bartlesville, OK",Msa,OK,2022-04-30,2.4,6.2,10.7
394717,587,"Jacksonville, TX",Msa,TX,2022-04-30,0.8,3.1,7.5
394566,588,"Elko, NV",Msa,NV,2022-04-30,0.9,3.0,6.1
395020,589,"Rexburg, ID",Msa,ID,2022-04-30,0.9,3.8,12.1
395122,590,"St. Marys, GA",Msa,GA,2022-04-30,1.7,5.3,10.8
753911,591,"Ozark, AL",Msa,AL,2022-04-30,0.7,2.8,6.9
394326,592,"Amsterdam, NY",Msa,NY,2022-04-30,0.7,3.0,7.2
394571,593,"Enterprise, AL",Msa,AL,2022-04-30,0.7,2.9,6.7
394963,594,"Paris, TX",Msa,TX,2022-04-30,0.9,3.4,9.6
394742,595,"Kerrville, TX",Msa,TX,2022-04-30,1.9,4.6,6.1
394906,596,"New Castle, IN",Msa,IN,2022-04-30,0.9,3.5,9.2
395097,597,"Sidney, OH",Msa,OH,2022-04-30,0.7,3.1,8.0
394504,598,"Cortland, NY",Msa,NY,2022-04-30,0.7,3.0,6.3
394477,599,"Clinton, IA",Msa,IA,2022-04-30,2.9,5.1,5.3
394527,600,"Del Rio, TX",Msa,TX,2022-04-30,0.7,2.9,6.7
394478,601,"Clovis, NM",Msa,NM,2022-04-30,0.6,2.7,6.8
394919,602,"Norfolk, NE",Msa,NE,2022-04-30,0.8,3.1,8.0
395208,603,"Washington, NC",Msa,NC,2022-04-30,0.9,3.3,8.0
394503,604,"Corsicana, TX",Msa,TX,2022-04-30,1.3,4.1,8.6
394616,605,"Freeport, IL",Msa,IL,2022-04-30,0.6,2.6,5.9
395124,606,"Starkville, MS",Msa,MS,2022-04-30,0.9,3.5,6.0
394427,607,"Burlington, IA",Msa,IA,2022-04-30,0.6,2.5,4.3
394431,608,"Cadillac, MI",Msa,MI,2022-04-30,0.9,3.6,8.7
394336,609,"Ardmore, OK",Msa,OK,2022-04-30,1.4,6.0,12.5
394739,610,"Kendallville, IN",Msa,IN,2022-04-30,0.9,3.6,9.4
394918,611,"Nogales, AZ",Msa,AZ,2022-04-30,0.9,3.3,9.4
394951,612,"Oxford, MS",Msa,MS,2022-04-30,0.9,3.0,6.0
394398,613,"Bogalusa, LA",Msa,LA,2022-04-30,0.7,2.9,4.3
394987,614,"Plymouth, IN",Msa,IN,2022-04-30,0.8,3.2,7.8
394628,615,"Gardnerville Ranchos, NV",Msa,NV,2022-04-30,1.6,6.3,16.6
395144,616,"Tahlequah, OK",Msa,OK,2022-04-30,1.2,3.9,7.8
394817,617,"Madisonville, KY",Msa,KY,2022-04-30,0.8,3.1,6.6
394437,618,"Cañon City, CO",Msa,CO,2022-04-30,1.7,5.8,13.7
395043,619,"Ruston, LA",Msa,LA,2022-04-30,0.8,3.1,6.0
753889,620,"Hillsdale, MI",Msa,MI,2022-04-30,0.8,3.3,8.0
394789,621,"Lewistown, PA",Msa,PA,2022-04-30,0.7,2.9,7.3
395034,622,"Rockingham, NC",Msa,NC,2022-04-30,0.8,3.2,8.4
394990,623,"Ponca City, OK",Msa,OK,2022-04-30,0.4,4.4,10.8
394397,624,"Blytheville, AR",Msa,AR,2022-04-30,0.9,3.6,7.0
395017,625,"Red Wing, MN",Msa,MN,2022-04-30,2.8,7.2,11.7
753918,626,"Shawano, WI",Msa,WI,2022-04-30,0.8,3.1,7.8
394446,627,"Cedar City, UT",Msa,UT,2022-04-30,1.0,3.6,12.0
394375,628,"Bedford, IN",Msa,IN,2022-04-30,0.9,3.4,9.2
394631,629,"Gillette, WY",Msa,WY,2022-04-30,0.4,1.7,3.3
753905,630,"Newport, OR",Msa,OR,2022-04-30,1.6,6.1,15.0
395201,631,"Wapakoneta, OH",Msa,OH,2022-04-30,0.7,3.3,8.5
394695,632,"Huntingdon, PA",Msa,PA,2022-04-30,0.6,3.0,6.6
394377,633,"Bellefontaine, OH",Msa,OH,2022-04-30,0.8,3.5,8.0
394842,634,"McAlester, OK",Msa,OK,2022-04-30,-0.4,1.6,4.5
394391,635,"Blackfoot, ID",Msa,ID,2022-04-30,0.7,3.4,12.3
394883,636,"Moultrie, GA",Msa,GA,2022-04-30,0.7,3.3,8.4
394677,637,"Henderson, NC",Msa,NC,2022-04-30,2.7,5.5,11.6
394482,638,"Coldwater, MI",Msa,MI,2022-04-30,0.7,3.3,8.4
394667,639,"Harrison, AR",Msa,AR,2022-04-30,0.8,3.6,8.7
395037,640,"Rolla, MO",Msa,MO,2022-04-30,0.6,2.9,6.8
395091,641,"Shelbyville, TN",Msa,TN,2022-04-30,1.0,5.4,18.9
394545,643,"Duncan, OK",Msa,OK,2022-04-30,0.7,2.8,5.9
753904,644,"Marion, NC",Msa,NC,2022-04-30,1.1,3.5,8.8
394785,645,"Lewisburg, PA",Msa,PA,2022-04-30,0.7,3.1,7.1
395008,646,"Pullman, WA",Msa,WA,2022-04-30,0.9,3.3,8.8
395155,647,"Thomasville, GA",Msa,GA,2022-04-30,0.8,3.3,7.7
394379,648,"Bemidji, MN",Msa,MN,2022-04-30,0.6,2.9,7.1
394887,649,"Mount Sterling, KY",Msa,KY,2022-04-30,0.9,3.4,7.3
394947,650,"Ottumwa, IA",Msa,IA,2022-04-30,0.5,2.4,4.3
394954,651,"Pahrump, NV",Msa,NV,2022-04-30,1.7,4.7,14.4
394850,652,"Menomonie, WI",Msa,WI,2022-04-30,0.7,3.1,7.6
395083,653,"Selma, AL",Msa,AL,2022-04-30,0.4,2.8,5.9
395032,654,"Rock Springs, WY",Msa,WY,2022-04-30,0.6,2.8,6.6
394424,655,"Bucyrus, OH",Msa,OH,2022-04-30,0.7,2.6,6.3
394409,656,"Bradford, PA",Msa,PA,2022-04-30,0.8,3.7,7.9
753865,657,"Bardstown, KY",Msa,KY,2022-04-30,1.7,5.3,10.9
394500,658,"Cornelia, GA",Msa,GA,2022-04-30,1.0,3.9,10.1
394426,659,"Burley, ID",Msa,ID,2022-04-30,0.9,4.0,12.3
394654,660,"Greenwood, MS",Msa,MS,2022-04-30,-0.3,1.4,4.4
394384,661,"Big Rapids, MI",Msa,MI,2022-04-30,0.7,3.3,8.1
394993,662,"Poplar Bluff, MO",Msa,MO,2022-04-30,0.7,2.6,5.1
394895,663,"Muscatine, IA",Msa,IA,2022-04-30,0.4,2.4,5.1
394319,664,"Alma, MI",Msa,MI,2022-04-30,0.9,3.3,7.9
394548,665,"Durant, OK",Msa,OK,2022-04-30,0.7,2.9,7.4
395087,666,"Seymour, IN",Msa,IN,2022-04-30,0.8,3.5,8.4
394538,667,"Douglas, GA",Msa,GA,2022-04-30,0.8,3.2,7.9
395228,668,"Willmar, MN",Msa,MN,2022-04-30,0.7,2.9,7.0
394349,669,"Auburn, IN",Msa,IN,2022-04-30,1.8,5.6,13.2
395081,670,"Sedalia, MO",Msa,MO,2022-04-30,1.2,4.0,10.4
394961,671,"Paragould, AR",Msa,AR,2022-04-30,0.8,3.3,8.1
395230,672,"Wilmington, OH",Msa,OH,2022-04-30,0.9,3.8,9.4
394779,673,"Lawrenceburg, TN",Msa,TN,2022-04-30,2.4,6.2,12.1
395203,674,"Warren, PA",Msa,PA,2022-04-30,0.7,3.1,6.8
394560,675,"El Dorado, AR",Msa,AR,2022-04-30,0.7,2.7,6.6
394891,677,"Mountain Home, AR",Msa,AR,2022-04-30,0.7,3.3,7.7
394448,678,"Cedartown, GA",Msa,GA,2022-04-30,1.0,4.1,11.5
753913,679,"Port Clinton, OH",Msa,OH,2022-04-30,0.8,3.2,7.2
394558,680,"El Campo, TX",Msa,TX,2022-04-30,0.7,3.1,7.4
394876,681,"Montrose, CO",Msa,CO,2022-04-30,0.7,3.7,10.6
394567,682,"Ellensburg, WA",Msa,WA,2022-04-30,1.7,5.8,14.7
394715,683,"Jacksonville, IL",Msa,IL,2022-04-30,0.7,2.8,5.1
753916,684,"Sandpoint, ID",Msa,ID,2022-04-30,0.6,2.6,9.5
394316,685,"Alice, TX",Msa,TX,2022-04-30,0.7,2.9,4.5
394449,686,"Celina, OH",Msa,OH,2022-04-30,0.8,3.5,8.8
394627,687,"Garden City, KS",Msa,KS,2022-04-30,0.8,3.3,8.0
394833,688,"Marshalltown, IA",Msa,IA,2022-04-30,0.4,2.4,5.1
394297,689,"Aberdeen, SD",Msa,SD,2022-04-30,0.7,2.9,6.0
395219,690,"West Plains, MO",Msa,MO,2022-04-30,0.9,3.4,7.2
753877,691,"Cullowhee, NC",Msa,NC,2022-04-30,-0.9,2.4,8.0
394574,692,"Espa±ola, NM",Msa,NM,2022-04-30,-0.1,2.2,6.4
395026,693,"Riverton, WY",Msa,WY,2022-04-30,0.8,3.1,7.1
395158,694,"Tifton, GA",Msa,GA,2022-04-30,0.6,3.0,7.8
395178,695,"Urbana, OH",Msa,OH,2022-04-30,0.9,3.7,8.8
394434,696,"Cambridge, OH",Msa,OH,2022-04-30,0.5,2.7,7.5
394934,697,"Okeechobee, FL",Msa,FL,2022-04-30,2.7,8.2,10.5
394845,698,"McMinnville, TN",Msa,TN,2022-04-30,0.2,3.3,10.7
395082,699,"Selinsgrove, PA",Msa,PA,2022-04-30,0.7,3.1,7.3
394904,700,"Natchitoches, LA",Msa,LA,2022-04-30,0.7,2.8,4.3
394383,702,"Berlin, NH",Msa,NH,2022-04-30,0.8,3.1,7.9
394799,703,"Lock Haven, PA",Msa,PA,2022-04-30,0.7,3.2,7.6
395099,704,"Sikeston, MO",Msa,MO,2022-04-30,0.7,2.8,5.8
394354,705,"Austin, MN",Msa,MN,2022-04-30,1.2,3.7,9.5
394476,706,"Clewiston, FL",Msa,FL,2022-04-30,1.2,4.8,13.6
394981,707,"Pittsburg, KS",Msa,KS,2022-04-30,0.7,2.9,5.5
394526,708,"Defiance, OH",Msa,OH,2022-04-30,0.8,3.6,9.5
395072,709,"Scottsbluff, NE",Msa,NE,2022-04-30,0.6,2.8,6.1
394801,710,"Logansport, IN",Msa,IN,2022-04-30,0.9,3.4,8.4
394992,711,"Pontiac, IL",Msa,IL,2022-04-30,0.6,2.7,4.5
394663,712,"Hannibal, MO",Msa,MO,2022-04-30,0.8,3.2,7.1
394888,713,"Mount Vernon, IL",Msa,IL,2022-04-30,0.8,2.8,5.6
394690,714,"Houghton, MI",Msa,MI,2022-04-30,0.6,3.1,6.9
395176,715,"Union City, TN",Msa,TN,2022-04-30,0.7,2.9,7.2
395069,716,"Sault Ste. Marie, MI",Msa,MI,2022-04-30,0.6,3.3,9.2
395192,717,"Vincennes, IN",Msa,IN,2022-04-30,0.7,3.0,7.5
394624,718,"Gainesville, TX",Msa,TX,2022-04-30,1.2,4.0,9.9
394550,719,"Dyersburg, TN",Msa,TN,2022-04-30,0.6,2.9,7.2
394745,720,"Kill Devil Hills, NC",Msa,NC,2022-04-30,2.8,7.5,16.7
394507,722,"Crawfordsville, IN",Msa,IN,2022-04-30,0.8,3.4,9.1
394422,723,"Brownwood, TX",Msa,TX,2022-04-30,0.8,3.2,7.4
395129,725,"Stephenville, TX",Msa,TX,2022-04-30,0.9,3.2,7.4
394324,726,"Americus, GA",Msa,GA,2022-04-30,0.7,3.0,6.6
394554,727,"Easton, MD",Msa,MD,2022-04-30,1.0,4.0,9.7
394920,728,"North Platte, NE",Msa,NE,2022-04-30,0.5,2.6,5.8
394914,729,"Newberry, SC",Msa,SC,2022-04-30,0.3,2.4,6.4
394300,730,"Ada, OK",Msa,OK,2022-04-30,1.2,3.8,6.9
394881,731,"Moscow, ID",Msa,ID,2022-04-30,0.6,3.6,10.7
395046,732,"Safford, AZ",Msa,AZ,2022-04-30,0.7,3.0,9.3
394894,733,"Murray, KY",Msa,KY,2022-04-30,0.9,3.3,6.1
394382,734,"Bennington, VT",Msa,VT,2022-04-30,0.6,3.0,7.4
394696,735,"Huntington, IN",Msa,IN,2022-04-30,0.8,3.3,9.0
394840,736,"Mayfield, KY",Msa,KY,2022-04-30,0.8,3.3,6.5
394438,737,"Canton, IL",Msa,IL,2022-04-30,0.7,2.6,4.2
394573,737,"Escanaba, MI",Msa,MI,2022-04-30,0.7,2.7,6.3
394499,739,"Corinth, MS",Msa,MS,2022-04-30,0.5,2.7,6.3
394341,740,"Astoria, OR",Msa,OR,2022-04-30,2.6,6.3,11.5
394973,741,"Peru, IN",Msa,IN,2022-04-30,0.9,3.4,8.5
394506,742,"Coshocton, OH",Msa,OH,2022-04-30,0.9,3.5,8.3
394916,743,"Newton, IA",Msa,IA,2022-04-30,0.6,2.7,5.4
753898,744,"Logan, WV",Msa,WV,2022-04-30,1.7,3.8,6.5
394370,745,"Bay City, TX",Msa,TX,2022-04-30,0.9,3.1,6.9
394617,746,"Fremont, NE",Msa,NE,2022-04-30,0.7,3.2,8.6
394702,747,"Hutchinson, MN",Msa,MN,2022-04-30,1.4,4.3,11.1
394366,748,"Batesville, AR",Msa,AR,2022-04-30,0.5,2.2,5.8
394948,749,"Owatonna, MN",Msa,MN,2022-04-30,1.3,4.3,8.4
395191,750,"Vidalia, GA",Msa,GA,2022-04-30,0.8,3.5,9.0
753922,751,"Summit Park, UT",Msa,UT,2022-04-30,3.2,7.8,18.4
753864,752,"Arkansas City-Winfield, KS",Msa,KS,2022-04-30,0.6,2.7,5.9
394771,753,"Laramie, WY",Msa,WY,2022-04-30,0.8,3.3,7.8
394984,754,"Plainview, TX",Msa,TX,2022-04-30,0.9,3.2,5.8
394385,755,"Big Spring, TX",Msa,TX,2022-04-30,0.7,3.2,7.7
394777,756,"Laurinburg, NC",Msa,NC,2022-04-30,0.8,3.1,8.1
394535,757,"Dixon, IL",Msa,IL,2022-04-30,0.6,2.9,5.7
394315,758,"Alexandria, MN",Msa,MN,2022-04-30,0.8,3.0,8.3
394915,759,"Newport, TN",Msa,TN,2022-04-30,0.7,3.2,8.9
394522,760,"DeRidder, LA",Msa,LA,2022-04-30,0.8,3.4,4.8
394781,761,"Lebanon, MO",Msa,MO,2022-04-30,0.9,3.6,8.3
394481,762,"Coffeyville, KS",Msa,KS,2022-04-30,0.9,2.6,2.6
395084,763,"Seneca Falls, NY",Msa,NY,2022-04-30,0.7,3.0,7.3
395137,764,"Sulphur Springs, TX",Msa,TX,2022-04-30,1.0,4.0,8.1
394835,765,"Martin, TN",Msa,TN,2022-04-30,0.8,3.3,7.9
395141,766,"Susanville, CA",Msa,CA,2022-04-30,0.6,3.1,7.4
394417,767,"Brookhaven, MS",Msa,MS,2022-04-30,0.8,3.2,7.4
394335,768,"Arcadia, FL",Msa,FL,2022-04-30,1.4,4.6,11.6
395150,769,"Taylorville, IL",Msa,IL,2022-04-30,0.6,2.6,4.6
394525,770,"Decatur, IN",Msa,IN,2022-04-30,0.8,3.0,7.8
753894,771,"Junction City, KS",Msa,KS,2022-04-30,0.5,2.6,4.9
394557,772,"Effingham, IL",Msa,IL,2022-04-30,0.6,2.9,6.0
395184,773,"Valley, AL",Msa,AL,2022-04-30,0.6,3.0,7.1
394430,774,"Butte, MT",Msa,MT,2022-04-30,0.8,3.1,9.3
394331,775,"Angola, IN",Msa,IN,2022-04-30,0.7,3.3,8.4
394473,776,"Cleveland, MS",Msa,MS,2022-04-30,1.3,3.2,2.3
394536,778,"Dodge City, KS",Msa,KS,2022-04-30,0.7,3.0,7.1
394413,779,"Brenham, TX",Msa,TX,2022-04-30,0.8,3.2,8.1
394569,780,"Emporia, KS",Msa,KS,2022-04-30,0.5,2.4,5.9
753892,782,"Jackson, OH",Msa,OH,2022-04-30,0.9,3.7,9.2
394613,783,"Frankfort, IN",Msa,IN,2022-04-30,0.9,3.7,9.7
394414,784,"Brevard, NC",Msa,NC,2022-04-30,1.0,3.8,9.5
395149,785,"Taos, NM",Msa,NM,2022-04-30,0.7,3.4,10.5
753902,786,"Malvern, AR",Msa,AR,2022-04-30,0.8,4.0,9.1
395165,787,"Troy, AL",Msa,AL,2022-04-30,0.7,3.0,6.2
395196,788,"Wabash, IN",Msa,IN,2022-04-30,0.8,3.2,8.2
394433,789,"Cambridge, MD",Msa,MD,2022-04-30,0.9,3.1,6.3
394812,790,"Macomb, IL",Msa,IL,2022-04-30,0.5,2.5,3.9
395187,791,"Vernal, UT",Msa,UT,2022-04-30,0.3,2.3,6.6
394749,792,"Kingsville, TX",Msa,TX,2022-04-30,0.6,1.9,3.6
394815,793,"Madison, IN",Msa,IN,2022-04-30,1.0,3.6,9.6
394886,794,"Mount Pleasant, TX",Msa,TX,2022-04-30,0.9,3.3,7.3
394962,795,"Paris, TN",Msa,TN,2022-04-30,0.7,3.4,9.0
394491,796,"Columbus, NE",Msa,NE,2022-04-30,0.5,2.7,8.1
394419,797,"Brookings, SD",Msa,SD,2022-04-30,0.6,2.7,6.6
394740,798,"Kennett, MO",Msa,MO,2022-04-30,0.5,2.7,5.9
394376,800,"Beeville, TX",Msa,TX,2022-04-30,0.6,2.8,6.7
394855,801,"Miami, OK",Msa,OK,2022-04-30,0.7,2.7,6.9
753878,802,"Dayton, TN",Msa,TN,2022-04-30,0.7,2.9,8.7
395207,803,"Washington, IN",Msa,IN,2022-04-30,0.8,3.0,8.3
394435,807,"Camden, AR",Msa,AR,2022-04-30,0.7,2.7,5.9
394713,808,"Jackson, WY",Msa,WY,2022-04-30,0.9,3.8,10.2
394670,809,"Hastings, NE",Msa,NE,2022-04-30,0.6,3.3,8.6
394730,810,"Juneau, AK",Msa,AK,2022-04-30,0.6,2.5,4.8
394310,811,"Albert Lea, MN",Msa,MN,2022-04-30,0.7,2.9,6.9
394786,812,"Lewisburg, TN",Msa,TN,2022-04-30,1.3,4.9,15.7
394708,813,"Iron Mountain, MI",Msa,MI,2022-04-30,0.7,2.8,6.7
394795,814,"Lincoln, IL",Msa,IL,2022-04-30,0.7,2.8,4.7
394725,815,"Jesup, GA",Msa,GA,2022-04-30,1.0,4.2,10.4
394751,816,"Kirksville, MO",Msa,MO,2022-04-30,0.7,2.6,6.2
394320,818,"Alpena, MI",Msa,MI,2022-04-30,0.6,2.9,7.4
395100,819,"Silver City, NM",Msa,NM,2022-04-30,0.7,3.1,6.9
394706,820,"Indianola, MS",Msa,MS,2022-04-30,0.7,2.7,6.1
753879,821,"Elkins, WV",Msa,WV,2022-04-30,0.8,3.3,4.5
394774,822,"Las Vegas, NM",Msa,NM,2022-04-30,0.5,2.8,7.0
394846,823,"McPherson, KS",Msa,KS,2022-04-30,0.6,2.6,5.8
395093,824,"Sheridan, WY",Msa,WY,2022-04-30,0.8,3.1,7.7
395206,825,"Washington Court House, OH",Msa,OH,2022-04-30,0.9,3.7,9.3
394381,826,"Bennettsville, SC",Msa,SC,2022-04-30,0.8,3.4,9.4
395185,827,"Van Wert, OH",Msa,OH,2022-04-30,0.7,2.9,7.3
394853,828,"Merrill, WI",Msa,WI,2022-04-30,0.6,2.9,6.5
753901,829,"Ludington, MI",Msa,MI,2022-04-30,0.7,2.9,7.7
394858,830,"Middlesborough, KY",Msa,KY,2022-04-30,1.0,3.9,8.3
394508,831,"Crescent City, CA",Msa,CA,2022-04-30,0.7,2.8,7.0
394921,832,"North Vernon, IN",Msa,IN,2022-04-30,0.8,3.3,8.0
394673,833,"Hays, KS",Msa,KS,2022-04-30,0.6,2.4,4.4
394601,834,"Forrest City, AR",Msa,AR,2022-04-30,0.9,3.8,8.0
394606,835,"Fort Morgan, CO",Msa,CO,2022-04-30,1.1,3.7,10.0
394864,836,"Mineral Wells, TX",Msa,TX,2022-04-30,1.6,4.6,9.3
753871,837,"Breckenridge, CO",Msa,CO,2022-04-30,2.7,7.4,15.9
394364,838,"Bastrop, LA",Msa,LA,2022-04-30,0.9,3.1,4.8
394356,839,"Bainbridge, GA",Msa,GA,2022-04-30,0.8,3.4,8.2
395214,840,"Wauchula, FL",Msa,FL,2022-04-30,0.9,3.3,8.5
753884,841,"Hailey, ID",Msa,ID,2022-04-30,0.6,3.1,10.9
394643,842,"Great Bend, KS",Msa,KS,2022-04-30,0.5,2.8,4.8
753926,843,"Weatherford, OK",Msa,OK,2022-04-30,0.6,2.6,5.0
395211,844,"Watertown, SD",Msa,SD,2022-04-30,0.7,3.1,7.2
395154,846,"Thomaston, GA",Msa,GA,2022-04-30,1.1,4.0,9.4
394892,847,"Mountain Home, ID",Msa,ID,2022-04-30,0.9,3.8,12.6
394322,848,"Altus, OK",Msa,OK,2022-04-30,0.8,3.3,7.3
395181,849,"Uvalde, TX",Msa,TX,2022-04-30,0.6,3.0,7.1
394791,850,"Lexington, NE",Msa,NE,2022-04-30,0.7,3.0,7.2
394401,851,"Boone, IA",Msa,IA,2022-04-30,0.6,2.7,6.0
395159,852,"Toccoa, GA",Msa,GA,2022-04-30,0.9,3.8,10.1
394470,853,"Clarksdale, MS",Msa,MS,2022-04-30,,,-1.4
395138,854,"Summerville, GA",Msa,GA,2022-04-30,0.7,3.0,7.3
753909,855,"Ottawa, KS",Msa,KS,2022-04-30,0.7,3.2,7.8
394912,856,"New Ulm, MN",Msa,MN,2022-04-30,0.6,3.0,7.3
394830,857,"Marshall, MN",Msa,MN,2022-04-30,0.6,2.9,6.9
394758,858,"La Grande, OR",Msa,OR,2022-04-30,0.7,3.2,8.4
394649,859,"Greensburg, IN",Msa,IN,2022-04-30,0.8,3.4,8.6
394854,860,"Mexico, MO",Msa,MO,2022-04-30,0.9,3.8,8.7
394869,861,"Moberly, MO",Msa,MO,2022-04-30,0.8,3.8,8.8
753923,862,"The Dalles, OR",Msa,OR,2022-04-30,0.8,3.5,9.5
394529,863,"Deming, NM",Msa,NM,2022-04-30,0.8,3.3,7.5
394584,864,"Fallon, NV",Msa,NV,2022-04-30,0.9,3.7,11.1
394615,865,"Fredericksburg, TX",Msa,TX,2022-04-30,1.5,5.0,10.4
394818,866,"Magnolia, AR",Msa,AR,2022-04-30,0.6,2.7,6.2
394436,867,"Campbellsville, KY",Msa,KY,2022-04-30,0.8,3.2,6.0
394494,868,"Connersville, IN",Msa,IN,2022-04-30,1.0,3.8,9.9
394533,869,"Dickinson, ND",Msa,ND,2022-04-30,0.4,2.0,2.2
395110,870,"Spearfish, SD",Msa,SD,2022-04-30,0.6,2.9,7.5
394674,871,"Heber, UT",Msa,UT,2022-04-30,0.7,3.2,11.3
753921,872,"Steamboat Springs, CO",Msa,CO,2022-04-30,3.1,7.8,18.6
394498,873,"Cordele, GA",Msa,GA,2022-04-30,0.7,2.9,6.6
394831,874,"Marshall, MO",Msa,MO,2022-04-30,0.9,3.5,9.5
394837,874,"Maryville, MO",Msa,MO,2022-04-30,0.8,3.6,8.6
394337,876,"Arkadelphia, AR",Msa,AR,2022-04-30,0.7,3.6,7.1
394793,877,"Liberal, KS",Msa,KS,2022-04-30,1.3,3.9,4.7
394784,878,"Levelland, TX",Msa,TX,2022-04-30,0.8,3.3,6.8
395198,879,"Wahpeton, ND",Msa,ND,2022-04-30,0.4,2.3,4.9
394868,880,"Mitchell, SD",Msa,SD,2022-04-30,0.7,3.2,8.5
395130,881,"Sterling, CO",Msa,CO,2022-04-30,0.8,3.0,7.4
394959,882,"Pampa, TX",Msa,TX,2022-04-30,0.6,2.5,5.2
395241,883,"Yankton, SD",Msa,SD,2022-04-30,0.7,3.0,7.2
395227,884,"Williston, ND",Msa,ND,2022-04-30,0.7,2.8,3.6
394945,885,"Oskaloosa, IA",Msa,IA,2022-04-30,0.7,2.7,4.8
394418,886,"Brookings, OR",Msa,OR,2022-04-30,0.7,3.1,8.5
394687,887,"Hood River, OR",Msa,OR,2022-04-30,0.7,3.1,9.0
394371,888,"Beatrice, NE",Msa,NE,2022-04-30,0.8,3.1,6.6
394403,889,"Borger, TX",Msa,TX,2022-04-30,0.4,2.1,4.3
395014,890,"Raymondville, TX",Msa,TX,2022-04-30,0.9,2.9,6.7
394564,891,"Elk City, OK",Msa,OK,2022-04-30,0.6,2.8,6.5
394656,892,"Grenada, MS",Msa,MS,2022-04-30,0.8,3.2,10.8
394544,893,"Dumas, TX",Msa,TX,2022-04-30,0.7,2.8,7.2
394676,894,"Helena, AR",Msa,AR,2022-04-30,0.9,3.2,3.2
394965,895,"Parsons, KS",Msa,KS,2022-04-30,1.0,3.6,9.0
753914,897,"Port Lavaca, TX",Msa,TX,2022-04-30,0.7,3.1,7.4
395239,898,"Worthington, MN",Msa,MN,2022-04-30,0.8,3.0,7.2
394979,899,"Pierre, SD",Msa,SD,2022-04-30,0.7,2.9,7.5
394578,900,"Evanston, WY",Msa,WY,2022-04-30,0.8,3.1,6.6
394718,901,"Jamestown, ND",Msa,ND,2022-04-30,0.6,2.4,3.1
395004,902,"Prineville, OR",Msa,OR,2022-04-30,0.8,3.4,10.3
394659,905,"Guymon, OK",Msa,OK,2022-04-30,1.1,1.8,5.3
395135,908,"Storm Lake, IA",Msa,IA,2022-04-30,0.6,2.5,5.4
395236,909,"Woodward, OK",Msa,OK,2022-04-30,0.5,2.9,5.8
394996,910,"Portales, NM",Msa,NM,2022-04-30,0.7,2.6,6.1
394678,911,"Hereford, TX",Msa,TX,2022-04-30,1.7,4.8,11.2
753908,913,"Othello, WA",Msa,WA,2022-04-30,0.9,3.4,9.2
394805,914,"Los Alamos, NM",Msa,NM,2022-04-30,0.8,3.6,8.8
394594,915,"Fitzgerald, GA",Msa,GA,2022-04-30,0.6,3.0,7.4
394841,916,"Maysville, KY",Msa,KY,2022-04-30,0.9,3.3,6.8
394342,918,"Atchison, KS",Msa,KS,2022-04-30,0.7,2.9,6.5
395104,919,"Snyder, TX",Msa,TX,2022-04-30,0.6,2.9,7.0
753880,920,"Fairfield, IA",Msa,IA,2022-04-30,0.6,2.6,4.8
395111,921,"Spencer, IA",Msa,IA,2022-04-30,0.1,2.2,4.9
395112,921,"Spirit Lake, IA",Msa,IA,2022-04-30,0.6,2.7,6.1
753925,923,"Vineyard Haven, MA",Msa,MA,2022-04-30,0.8,3.2,7.7
753927,924,"Winnemucca, NV",Msa,NV,2022-04-30,0.6,2.4,6.3
395142,925,"Sweetwater, TX",Msa,TX,2022-04-30,1.0,3.5,6.5
394330,926,"Andrews, TX",Msa,TX,2022-04-30,0.9,3.4,8.7
753929,927,"Zapata, TX",Msa,TX,2022-04-30,0.3,1.9,4.7
395186,928,"Vermillion, SD",Msa,SD,2022-04-30,0.9,3.6,8.0
394767,929,"Lamesa, TX",Msa,TX,2022-04-30,0.9,3.4,8.1
753874,930,"Craig, CO",Msa,CO,2022-04-30,0.5,2.2,4.4
394968,931,"Pecos, TX",Msa,TX,2022-04-30,1.7,5.3,17.1
395188,932,"Vernon, TX",Msa,TX,2022-04-30,0.5,2.2,5.0
394743,933,"Ketchikan, AK",Msa,AK,2022-04-30,0.7,2.6,4.7
